frame,kinetic_energy,potential_energy,total_energy,mean_vz,n_total,n_below_cyl
0,125.0,7837.497961425782,7962.497961425782,-0.5,16000,0
1,140.13218688964844,7822.322436523438,7962.454623413087,-0.5294000506401062,16000,0
2,156.1287078857422,7806.282592773438,7962.411300659181,-0.5587999224662781,16000,0
3,172.98959350585938,7789.37783203125,7962.36742553711,-0.588200032711029,16000,0
4,190.71484375,7771.609350585938,7962.324194335938,-0.6175998449325562,16000,0
5,209.304443359375,7752.9765502929695,7962.2809936523445,-0.6469998955726624,16000,0
6,228.75836181640625,7733.480627441407,7962.238989257813,-0.676399827003479,16000,0
7,249.07667541503906,7713.118591308595,7962.195266723634,-0.7057998180389404,16000,0
8,270.25933837890625,7691.892834472656,7962.152172851563,-0.7351998090744019,16000,0
9,292.3063659667969,7669.802160644532,7962.108526611329,-0.7645997405052185,16000,0
10,315.2177734375,7646.847766113282,7962.065539550782,-0.7939997315406799,16000,0
11,338.99346923828125,7623.027856445313,7962.021325683594,-0.823399543762207,16000,0
12,363.633544921875,7598.345422363282,7961.978967285157,-0.8527995347976685,16000,0
13,389.1379699707031,7572.798071289063,7961.936041259766,-0.8821994662284851,16000,0
14,415.50677490234375,7546.386401367188,7961.893176269532,-0.911599338054657,16000,0
15,442.7399597167969,7519.109814453125,7961.849774169922,-0.9409993290901184,16000,0
16,470.83746337890625,7490.968908691407,7961.806372070313,-0.9703993201255798,16000,0
17,499.79931640625,7461.963684082032,7961.763000488282,-0.9997993111610413,16000,0
18,529.6260375976562,7432.093542480469,7961.719580078126,-1.0291997194290161,16000,0
19,560.3172607421875,7401.359680175782,7961.67694091797,-1.0586003065109253,16000,0
20,591.8729248046875,7369.761499023438,7961.634423828125,-1.088000774383545,16000,0
21,624.29296875,7337.298999023438,7961.591967773438,-1.117401361465454,16000,0
22,657.577392578125,7303.972180175781,7961.549572753906,-1.1468018293380737,16000,0
23,691.7260131835938,7269.780444335938,7961.506457519532,-1.176202654838562,16000,0
24,726.7392578125,7234.725585937501,7961.464843750001,-1.205602765083313,16000,0
25,762.61669921875,7198.804614257813,7961.421313476563,-1.2350034713745117,16000,0
26,799.3587036132812,7162.019921875,7961.378625488282,-1.264404058456421,16000,0
27,836.9651489257812,7124.370910644532,7961.336059570313,-1.293804407119751,16000,0
28,875.4359130859375,7085.857580566407,7961.293493652344,-1.3232052326202393,16000,0
29,914.7710571289062,7046.479931640625,7961.250988769531,-1.3526058197021484,16000,0
30,954.9705810546875,7006.238562011719,7961.209143066407,-1.382006049156189,16000,0
31,996.034423828125,6965.132275390625,7961.16669921875,-1.4114068746566772,16000,0
32,1037.9627685546875,6923.161669921876,7961.124438476563,-1.4408073425292969,16000,0
33,1080.75537109375,6880.326147460938,7961.081518554688,-1.4702075719833374,16000,0
34,1124.41259765625,6836.626904296875,7961.039501953125,-1.4996083974838257,16000,0
35,1168.93408203125,6792.062744140626,7960.996826171876,-1.5290087461471558,16000,0
36,1214.31982421875,6746.6342651367195,7960.9540893554695,-1.558409333229065,16000,0
37,1260.5701904296875,6700.340869140626,7960.911059570313,-1.5878099203109741,16000,0
38,1307.6845703125,6653.183752441407,7960.868322753907,-1.6172101497650146,16000,0
39,1355.663818359375,6605.162915039063,7960.826733398438,-1.6466106176376343,16000,0
40,1404.5069580078125,6556.277758789063,7960.784716796876,-1.6760116815567017,16000,0
41,1454.215087890625,6506.527685546876,7960.742773437501,-1.7054119110107422,16000,0
42,1504.787109375,6455.913293457032,7960.700402832032,-1.7348122596740723,16000,0
43,1555.580810546875,6404.436376953126,7960.017187500001,-1.7638477087020874,16000,0
44,1587.1773681640625,6352.23211669922,7939.409484863282,-1.7815454006195068,16000,0
45,1534.872802734375,6300.173205566407,7835.046008300782,-1.7501612901687622,16000,0
46,1314.791015625,6250.667773437501,7565.458789062501,-1.6088262796401978,16000,0
47,932.6508178710938,6207.724584960938,7140.375402832032,-1.316251277923584,16000,0
48,530.9232788085938,6175.643701171875,6706.566979980469,-0.8916462063789368,16000,0
49,261.10284423828125,6157.253747558594,6418.356591796875,-0.4045553207397461,16000,0
50,147.08029174804688,6153.092456054688,6300.172747802735,0.06617861986160278,16000,0
51,157.62721252441406,6161.712915039063,6319.340127563477,0.4658433198928833,16000,0
52,326.36529541015625,6180.620263671875,6506.985559082032,0.7745522856712341,16000,0
53,663.6600341796875,6207.2269287109375,6870.886962890625,1.000772476196289,16000,0
54,1035.078857421875,6239.404113769531,7274.482971191406,1.162606954574585,16000,0
55,1256.408935546875,6275.480004882813,7531.888940429688,1.272598147392273,16000,0
56,1255.841064453125,6314.035803222657,7569.876867675782,1.3364802598953247,16000,0
57,1117.3214111328125,6353.765161132813,7471.086572265625,1.3574246168136597,16000,0
58,992.4441528320312,6393.534594726563,7385.9787475585945,1.3454023599624634,16000,0
59,959.4057006835938,6432.684948730469,7392.090649414063,1.3193053007125854,16000,0
60,992.1396484375,6471.000292968751,7463.139941406251,1.2900422811508179,16000,0
61,1038.7598876953125,6508.451916503906,7547.211804199219,1.2606427669525146,16000,0
62,1043.0321044921875,6545.039819335938,7588.071923828125,1.2312425374984741,16000,0
63,982.0852661132812,6580.762805175782,7562.848071289063,1.2018425464630127,16000,0
64,877.6516723632812,6615.622070312501,7493.273742675782,1.1724424362182617,16000,0
65,756.800537109375,6649.615820312501,7406.416357421876,1.1430422067642212,16000,0
66,684.1556396484375,6682.745849609376,7366.901489257813,1.1136420965194702,16000,0
67,718.238037109375,6715.011560058594,7433.249597167969,1.0842419862747192,16000,0
68,812.4369506835938,6746.412951660157,7558.849902343751,1.0548416376113892,16000,0
69,853.6173095703125,6776.949426269532,7630.566735839844,1.0254415273666382,16000,0
70,759.6007080078125,6806.622778320313,7566.223486328126,0.9960414171218872,16000,0
71,572.8533325195312,6835.430615234375,7408.283947753906,0.9666413068771362,16000,0
72,447.5380554199219,6863.374133300782,7310.912188720704,0.9372410774230957,16000,0
73,482.2620544433594,6890.453930664063,7372.715985107422,0.9078410267829895,16000,0
74,615.3734130859375,6916.669409179688,7532.042822265626,0.8784409165382385,16000,0
75,688.1429443359375,6942.019970703125,7630.162915039063,0.8490408062934875,16000,0
76,611.073486328125,6966.506213378907,7577.579699707032,0.8196407556533813,16000,0
77,444.82183837890625,6990.128735351563,7434.950573730469,0.7902406454086304,16000,0
78,318.9555969238281,7012.886340332032,7331.84193725586,0.760840654373169,16000,0
79,327.07696533203125,7034.779626464844,7361.856591796875,0.7314406633377075,16000,0
80,424.4698181152344,7055.808593750001,7480.278411865235,0.7020406126976013,16000,0
81,482.6418151855469,7075.973840332032,7558.6156555175785,0.6726404428482056,16000,0
82,458.82769775390625,7095.272973632813,7554.100671386719,0.6432403326034546,16000,0
83,375.8920593261719,7113.709582519532,7489.601641845704,0.6138403415679932,16000,0
84,279.1291809082031,7131.280676269532,7410.409857177735,0.5844401717185974,16000,0
85,228.95069885253906,7147.987451171875,7376.938150024414,0.5550402402877808,16000,0
86,232.08245849609375,7163.831103515626,7395.9135620117195,0.5256401896476746,16000,0
87,278.3782043457031,7178.808642578126,7457.186846923829,0.49624010920524597,16000,0
88,341.19293212890625,7192.923059082032,7534.115991210938,0.46684008836746216,16000,0
89,347.55224609375,7206.17255859375,7553.7248046875,0.4374399483203888,16000,0
90,270.6512756347656,7218.5583374023445,7489.20961303711,0.408039927482605,16000,0
91,154.3013916015625,7230.079199218751,7384.380590820313,0.37863996624946594,16000,0
92,84.94256591796875,7240.7357421875,7325.678308105469,0.3492400050163269,16000,0
93,132.54156494140625,7250.527966308594,7383.06953125,0.3198400139808655,16000,0
94,251.5591278076172,7259.456469726563,7511.01559753418,0.29043999314308167,16000,0
95,320.9393615722656,7267.519458007813,7588.458819580079,0.2610399127006531,16000,0
96,256.7750244140625,7274.718725585938,7531.493750000001,0.23163986206054688,16000,0
97,109.33078002929688,7281.053076171876,7390.383856201172,0.20223985612392426,16000,0
98,23.668148040771484,7286.523706054688,7310.191854095459,0.17283987998962402,16000,0
99,63.70156478881836,7291.129418945313,7354.830983734131,0.1434399038553238,16000,0
100,179.93019104003906,7294.871411132813,7474.801602172852,0.11403993517160416,16000,0
101,261.7012023925781,7297.748486328125,7559.449688720703,0.08463992923498154,16000,0
102,228.0983428955078,7299.7624389648445,7527.860781860352,0.05523988604545593,16000,0
103,128.581298828125,7300.9108764648445,7429.4921752929695,0.025839870795607567,16000,0
104,53.09136962890625,7301.194995117188,7354.2863647460945,-0.0035601232666522264,16000,0
105,51.518333435058594,7300.614196777345,7352.132530212403,-0.03296012058854103,16000,0
106,118.76817321777344,7299.170275878907,7417.93844909668,-0.062360137701034546,16000,0
107,184.74676513671875,7296.862036132813,7481.608801269532,-0.09176012873649597,16000,0
108,212.90548706054688,7293.688281250001,7506.593768310548,-0.12116018682718277,16000,0
109,199.0228271484375,7289.650805664063,7488.673632812501,-0.15056024491786957,16000,0
110,139.98828125,7284.7490112304695,7424.7372924804695,-0.17996026575565338,16000,0
111,82.87171936035156,7278.983496093751,7361.855215454102,-0.2093602567911148,16000,0
112,75.1524887084961,7272.351867675782,7347.504356384278,-0.23876029253005981,16000,0
113,135.811767578125,7264.857714843751,7400.669482421876,-0.26816031336784363,16000,0
114,235.7423095703125,7256.498645019532,7492.2409545898445,-0.2975603938102722,16000,0
115,284.5911865234375,7247.274658203126,7531.865844726563,-0.3269605040550232,16000,0
116,240.2469940185547,7237.186352539063,7477.433346557617,-0.356360524892807,16000,0
117,145.28741455078125,7226.233728027344,7371.521142578125,-0.38576069474220276,16000,0
118,92.2953109741211,7214.4173828125,7306.7126937866215,-0.4151606559753418,16000,0
119,153.17532348632812,7201.73671875,7354.9120422363285,-0.4445606768131256,16000,0
120,279.6372375488281,7188.191137695313,7467.828375244141,-0.4739607572555542,16000,0
121,362.6044921875,7173.780639648438,7536.385131835938,-0.5033609867095947,16000,0
122,338.29632568359375,7158.506420898438,7496.802746582031,-0.5327610969543457,16000,0
123,244.47512817382812,7142.368481445313,7386.843609619141,-0.562161386013031,16000,0
124,194.94232177734375,7125.364428710938,7320.306750488282,-0.5915614366531372,16000,0
125,236.7857208251953,7107.49725341797,7344.282974243165,-0.6209615468978882,16000,0
126,334.0538330078125,7088.765759277344,7422.819592285156,-0.6503617763519287,16000,0
127,422.5651550292969,7069.170544433594,7491.735699462891,-0.6797619462013245,16000,0
128,440.17071533203125,7048.710412597657,7488.881127929688,-0.7091622948646545,16000,0
129,402.99603271484375,7027.384765625001,7430.380798339845,-0.7385625243186951,16000,0
130,366.439208984375,7005.195397949219,7371.634606933594,-0.7679628133773804,16000,0
131,362.5108947753906,6982.142309570313,7344.653204345704,-0.7973629832267761,16000,0
132,409.7326965332031,6958.22430419922,7367.957000732423,-0.8267633318901062,16000,0
133,488.5602111816406,6933.441979980469,7422.00219116211,-0.8561634421348572,16000,0
134,563.740966796875,6907.795336914063,7471.536303710938,-0.885563850402832,16000,0
135,599.6376953125,6881.283776855469,7480.921472167969,-0.9149641394615173,16000,0
136,572.8994750976562,6853.909094238282,7426.808569335938,-0.9443645477294922,16000,0
137,524.839111328125,6825.669494628907,7350.508605957032,-0.9737650156021118,16000,0
138,521.5950927734375,6796.565576171875,7318.160668945313,-1.003165364265442,16000,0
139,598.148193359375,6766.597338867188,7364.745532226563,-1.032565951347351,16000,0
140,722.1506958007812,6735.764782714844,7457.915478515625,-1.0619661808013916,16000,0
141,798.6657104492188,6704.06611328125,7502.731823730469,-1.0913664102554321,16000,0
142,785.2120361328125,6671.505517578125,7456.717553710938,-1.1207668781280518,16000,0
143,725.807373046875,6638.07880859375,7363.886181640625,-1.1501672267913818,16000,0
144,699.9346923828125,6603.788378906251,7303.723071289063,-1.179567813873291,16000,0
145,768.7803344726562,6568.634228515625,7337.414562988281,-1.2089685201644897,16000,0
146,896.4218139648438,6532.615161132813,7429.036975097657,-1.2383689880371094,16000,0
147,989.7030029296875,6495.731774902344,7485.434777832032,-1.2677695751190186,16000,0
148,1003.9310302734375,6457.98406982422,7461.915100097657,-1.2971670627593994,16000,0
149,965.9202270507812,6419.386999511719,7385.307226562501,-1.3248456716537476,16000,0
150,927.8731079101562,6380.15350341797,7308.026611328126,-1.3388310670852661,16000,0
151,911.7976684570312,6341.007934570313,7252.805603027345,-1.3188481330871582,16000,0
152,910.8363647460938,6303.243481445313,7214.079846191406,-1.2481701374053955,16000,0
153,885.22705078125,6268.424890136719,7153.651940917969,-1.1246684789657593,16000,0
154,764.849365234375,6237.975146484376,7002.824511718751,-0.9568506479263306,16000,0
155,535.19091796875,6213.112072753906,6748.302990722656,-0.7485410571098328,16000,0
156,257.9636535644531,6195.052893066407,6453.01654663086,-0.4981081187725067,16000,0
157,51.96834182739258,6184.984326171875,6236.952667999268,-0.2105780988931656,16000,0
158,36.36273956298828,6183.733605957032,6220.09634552002,0.09599059075117111,16000,0
159,209.7367401123047,6191.478381347657,6401.215121459962,0.3981892764568329,16000,0
160,466.546630859375,6207.766455078126,6674.313085937501,0.6767383813858032,16000,0
161,684.9175415039062,6231.646179199219,6916.563720703125,0.916074812412262,16000,0
162,798.9985961914062,6261.719689941407,7060.718286132813,1.1010875701904297,16000,0
163,835.2994384765625,6296.16982421875,7131.469262695313,1.2189180850982666,16000,0
164,839.0948486328125,6332.954516601563,7172.049365234376,1.2681199312210083,16000,0
165,836.4507446289062,6370.302661132813,7206.7534057617195,1.26659095287323,16000,0
166,841.5159301757812,6407.162719726563,7248.678649902345,1.241571068763733,16000,0
167,845.870849609375,6443.190759277344,7289.061608886719,1.2122211456298828,16000,0
168,825.2720947265625,6478.355078125001,7303.627172851563,1.1828263998031616,16000,0
169,763.3850708007812,6512.655078125001,7276.040148925782,1.1534262895584106,16000,0
170,677.8056640625,6546.089562988282,7223.895227050782,1.1240261793136597,16000,0
171,615.4923095703125,6578.660925292969,7194.153234863282,1.0946258306503296,16000,0
172,603.22265625,6610.36737060547,7213.59002685547,1.065225601196289,16000,0
173,625.9840698242188,6641.209497070313,7267.193566894532,1.0358253717422485,16000,0
174,636.7996826171875,6671.187902832032,7307.987585449219,1.0064252614974976,16000,0
175,594.679931640625,6700.300793457031,7294.980725097656,0.9770250916481018,16000,0
176,512.0177001953125,6728.549963378907,7240.567663574219,0.9476248621940613,16000,0
177,439.6398620605469,6755.934814453126,7195.574676513673,0.9182248711585999,16000,0
178,417.52630615234375,6782.455346679688,7199.981652832032,0.8888248205184937,16000,0
179,437.268798828125,6808.110961914063,7245.379760742188,0.8594247698783875,16000,0
180,456.9492492675781,6832.903454589844,7289.852703857422,0.8300245404243469,16000,0
181,438.2159118652344,6856.831030273438,7295.046942138672,0.8006243705749512,16000,0
182,380.102783203125,6879.893090820313,7259.995874023438,0.7712243795394897,16000,0
183,312.20721435546875,6902.091430664063,7214.298645019532,0.7418243288993835,16000,0
184,275.158203125,6923.426049804688,7198.584252929688,0.7124243378639221,16000,0
185,276.21331787109375,6943.895751953126,7220.10906982422,0.6830243468284607,16000,0
186,292.9892883300781,6963.501733398438,7256.491021728516,0.6536243557929993,16000,0
187,300.8553161621094,6982.242797851563,7283.098114013673,0.6242243051528931,16000,0
188,277.84869384765625,7000.119543457032,7277.968237304688,0.5948243141174316,16000,0
189,227.2588653564453,7017.131372070313,7244.390237426758,0.5654243230819702,16000,0
190,176.13473510742188,7033.280078125001,7209.414813232423,0.5360243916511536,16000,0
191,149.70806884765625,7048.563269042969,7198.271337890626,0.5066244006156921,16000,0
192,159.5959014892578,7062.983337402345,7222.5792388916025,0.4772244989871979,16000,0
193,188.5305633544922,7076.537890625001,7265.068453979493,0.44782450795173645,16000,0
194,199.47113037109375,7089.228723144532,7288.699853515625,0.418424516916275,16000,0
195,168.85585021972656,7101.054638671875,7269.910488891602,0.3890244960784912,16000,0
196,109.99479675292969,7112.0168334960945,7222.011630249024,0.3596245050430298,16000,0
197,66.92665100097656,7122.114111328126,7189.040762329102,0.3302246332168579,16000,0
198,69.04689025878906,7131.348266601563,7200.3951568603525,0.30082470178604126,16000,0
199,105.43656921386719,7139.716906738282,7245.153475952149,0.2714247405529022,16000,0
200,136.95809936523438,7147.221228027344,7284.179327392579,0.2420247495174408,16000,0
201,125.95042419433594,7153.86123046875,7279.811654663086,0.21262478828430176,16000,0
202,78.10283660888672,7159.6369140625,7237.739750671387,0.18322479724884033,16000,0
203,33.748619079589844,7164.548876953126,7198.297496032716,0.1538248360157013,16000,0
204,24.306913375854492,7168.595324707032,7192.9022380828865,0.12442485243082047,16000,0
205,52.53700256347656,7171.778051757813,7224.31505432129,0.09502485394477844,16000,0
206,88.33970642089844,7174.096459960938,7262.436166381836,0.06562487781047821,16000,0
207,99.15495300292969,7175.549951171875,7274.704904174805,0.03622489050030708,16000,0
208,79.41690826416016,7176.14031982422,7255.55722808838,0.006824894808232784,16000,0
209,45.210506439208984,7175.865771484376,7221.076277923585,-0.022575099021196365,16000,0
210,23.477420806884766,7174.725708007813,7198.203128814698,-0.05197509005665779,16000,0
211,31.029870986938477,7172.722521972657,7203.752392959595,-0.08137508481740952,16000,0
212,61.479644775390625,7169.855017089844,7231.334661865235,-0.11077509820461273,16000,0
213,95.53488159179688,7166.123193359375,7261.658074951172,-0.14017511904239655,16000,0
214,107.77851867675781,7161.525854492188,7269.304373168946,-0.16957515478134155,16000,0
215,89.0093002319336,7156.065393066407,7245.07469329834,-0.19897517561912537,16000,0
216,59.26282501220703,7149.739416503907,7209.002241516114,-0.2283751666545868,16000,0
217,47.13511657714844,7142.550317382813,7189.685433959961,-0.2577751874923706,16000,0
218,70.88673400878906,7134.496899414063,7205.383633422852,-0.2871752083301544,16000,0
219,119.55176544189453,7125.577966308594,7245.129731750489,-0.31657519936561584,16000,0
220,156.5504913330078,7115.7953125,7272.345803833008,-0.34597525000572205,16000,0
221,156.44793701171875,7105.14833984375,7261.596276855469,-0.37537533044815063,16000,0
222,127.85182189941406,7093.637048339844,7221.488870239258,-0.40477538108825684,16000,0
223,107.3853759765625,7081.260839843751,7188.646215820313,-0.43417540192604065,16000,0
224,124.52223205566406,7068.021508789063,7192.543740844727,-0.4635755121707916,16000,0
225,173.08226013183594,7053.916064453126,7226.998324584962,-0.49297553300857544,16000,0
226,221.832763671875,7038.948095703126,7260.780859375001,-0.5223755836486816,16000,0
227,240.8604278564453,7023.113415527344,7263.973843383789,-0.5517756938934326,16000,0
228,229.17173767089844,7006.416809082032,7235.588546752931,-0.5811758041381836,16000,0
229,214.241943359375,6988.8546875,7203.096630859375,-0.6105758547782898,16000,0
230,220.96188354492188,6970.428247070313,7191.390130615235,-0.6399760246276855,16000,0
231,256.73211669921875,6951.137487792969,7207.869604492188,-0.669376015663147,16000,0
232,307.02752685546875,6930.9824096679695,7238.009936523438,-0.6987761855125427,16000,0
233,345.75372314453125,6909.963012695313,7255.716735839845,-0.7281764149665833,16000,0
234,361.20208740234375,6888.078698730469,7249.280786132813,-0.7575765252113342,16000,0
235,358.9131774902344,6865.331262207032,7224.244439697266,-0.7869768142700195,16000,0
236,356.4889831542969,6841.718908691407,7198.207891845704,-0.8163770437240601,16000,0
237,375.17242431640625,6817.242236328126,7192.414660644532,-0.8457770943641663,16000,0
238,420.50390625,6791.900646972656,7212.404553222656,-0.875177264213562,16000,0
239,477.404541015625,6765.694738769532,7243.099279785157,-0.9045774936676025,16000,0
240,519.3565673828125,6738.624511718751,7257.981079101563,-0.9339778423309326,16000,0
241,531.094970703125,6710.689965820313,7241.784936523438,-0.9633781909942627,16000,0
242,526.2761840820312,6681.891699218751,7208.167883300782,-0.9927780628204346,16000,0
243,533.4306030273438,6652.228515625001,7185.659118652345,-1.022162914276123,16000,0
244,572.8118286132812,6621.70400390625,7194.515832519532,-1.0514631271362305,16000,0
245,637.4863891601562,6590.319958496094,7227.80634765625,-1.080527901649475,16000,0
246,695.469970703125,6558.087744140626,7253.557714843751,-1.1091322898864746,16000,0
247,722.73681640625,6525.027697753907,7247.764514160157,-1.1369000673294067,16000,0
248,723.0206298828125,6491.176306152344,7214.196936035157,-1.1628693342208862,16000,0
249,719.1644897460938,6456.622692871094,7175.787182617188,-1.1845393180847168,16000,0
250,727.9147338867188,6421.573815917969,7149.488549804688,-1.1961690187454224,16000,0
251,735.4556274414062,6386.477685546875,7121.933312988282,-1.1878957748413086,16000,0
252,709.8851318359375,6352.110693359376,7061.995825195313,-1.147928237915039,16000,0
253,640.38427734375,6319.546508789063,6959.930786132813,-1.0686131715774536,16000,0
254,558.3053588867188,6289.944934082032,6848.250292968751,-0.9510284662246704,16000,0
255,513.9788818359375,6264.297094726563,6778.275976562501,-0.8047624826431274,16000,0
256,528.2828369140625,6243.216088867188,6771.49892578125,-0.6442726850509644,16000,0
257,578.8088989257812,6226.884948730469,6805.69384765625,-0.4837188720703125,16000,0
258,623.501708984375,6215.129614257813,6838.631323242188,-0.3331928551197052,16000,0
259,629.2504272460938,6207.588208007813,6836.838635253906,-0.1954917013645172,16000,0
260,591.5069580078125,6203.953881835938,6795.46083984375,-0.06522421538829803,16000,0
261,527.7306518554688,6204.1644287109375,6731.895080566406,0.06755175441503525,16000,0
262,463.31103515625,6208.450732421876,6671.761767578126,0.21192504465579987,16000,0
263,421.7535400390625,6217.203381347656,6638.956921386719,0.3694172501564026,16000,0
264,418.3525085449219,6230.678381347657,6649.030889892579,0.5306181907653809,16000,0
265,459.71990966796875,6248.745336914063,6708.465246582032,0.680066704750061,16000,0
266,532.1126708984375,6270.7744018554695,6802.887072753907,0.8004394769668579,16000,0
267,599.7420654296875,6295.703869628906,6895.445935058594,0.8803419470787048,16000,0
268,635.6245727539062,6322.293188476563,6957.917761230469,0.9182025194168091,16000,0
269,641.36083984375,6349.426818847657,6990.787658691407,0.9227616786956787,16000,0
270,634.4937744140625,6376.340930175782,7010.8347045898445,0.9074140787124634,16000,0
271,625.592529296875,6402.63955078125,7028.232080078125,0.8832346200942993,16000,0
272,610.5416870117188,6428.181518554688,7038.723205566407,0.8568736910820007,16000,0
273,584.3203735351562,6452.943505859375,7037.263879394532,0.830237865447998,16000,0
274,551.9719848632812,6476.923120117188,7028.895104980469,0.803724467754364,16000,0
275,521.6188354492188,6500.125146484375,7021.743981933594,0.7773391008377075,16000,0
276,497.16253662109375,6522.552575683594,7019.715112304688,0.7509324550628662,16000,0
277,475.8329772949219,6544.200622558595,7020.0335998535165,0.7243297696113586,16000,0
278,454.66876220703125,6565.062109375001,7019.730871582032,0.69743412733078,16000,0
279,434.9560546875,6585.127465820313,7020.083520507813,0.6702462434768677,16000,0
280,416.2955627441406,6604.389514160157,7020.685076904298,0.6428146958351135,16000,0
281,397.8186340332031,6622.8422729492195,7020.660906982423,0.615203857421875,16000,0
282,380.52301025390625,6640.482153320313,7021.005163574219,0.5875310301780701,16000,0
283,364.91473388671875,6657.309155273438,7022.223889160156,0.5599743723869324,16000,0
284,351.3606872558594,6673.330456542969,7024.691143798828,0.532710075378418,16000,0
285,337.66119384765625,6688.55682373047,7026.218017578126,0.5058390498161316,16000,0
286,320.1971740722656,6702.999023437501,7023.1961975097665,0.47935935854911804,16000,0
287,298.73480224609375,6716.66961669922,7015.404418945313,0.45328569412231445,16000,0
288,276.6512451171875,6729.581762695313,7006.233007812501,0.4277532398700714,16000,0
289,260.8578796386719,6741.755200195313,7002.613079833985,0.403007835149765,16000,0
290,255.33328247070312,6753.217443847657,7008.55072631836,0.3792620897293091,16000,0
291,254.52633666992188,6763.997802734376,7018.524139404298,0.3565180003643036,16000,0
292,249.46627807617188,6774.122595214844,7023.588873291016,0.3345048725605011,16000,0
293,234.8973388671875,6783.605578613282,7018.5029174804695,0.31283628940582275,16000,0
294,214.12640380859375,6792.455126953126,7006.5815307617195,0.2913624048233032,16000,0
295,196.41476440429688,6800.679614257813,6997.09437866211,0.27039891481399536,16000,0
296,185.97201538085938,6808.305957031251,6994.27797241211,0.2505483329296112,16000,0
297,180.1018524169922,6815.374230957032,6995.476083374024,0.23241110146045685,16000,0
298,173.5950469970703,6821.941259765626,6995.536306762696,0.21641980111598969,16000,0
299,163.52239990234375,6828.080615234376,6991.6030151367195,0.20293572545051575,16000,0
