frame,kinetic_energy,potential_energy,total_energy
0,125.0,7838.022534179688,7963.022534179688
1,140.13217163085938,7822.846411132813,7962.978582763672
2,156.128662109375,7806.807763671875,7962.93642578125
3,172.98956298828125,7789.903002929688,7962.8925659179695
4,190.7147979736328,7772.134521484376,7962.849319458009
5,209.30438232421875,7753.502319335938,7962.806701660157
6,228.75833129882812,7734.004003906251,7962.762335205079
7,249.07662963867188,7713.644360351563,7962.720989990235
8,270.2592468261719,7692.418005371094,7962.677252197266
9,292.3062744140625,7670.32733154297,7962.633605957032
10,315.2176818847656,7647.372937011719,7962.590618896485
11,338.9933776855469,7623.553027343751,7962.546405029298
12,363.63348388671875,7598.869995117188,7962.503479003907
13,389.1379089355469,7573.322644042969,7962.460552978516
14,415.5067443847656,7546.910974121094,7962.41771850586
15,442.73992919921875,7519.633789062501,7962.37371826172
16,470.83740234375,7491.493481445313,7962.330883789063
17,499.79931640625,7462.488256835938,7962.287573242188
18,529.6261596679688,7432.619311523438,7962.245471191407
19,560.3173828125,7401.884252929688,7962.201635742188
20,591.873046875,7370.285473632813,7962.158520507813
21,624.2930297851562,7337.824169921875,7962.117199707031
22,657.577392578125,7304.496752929688,7962.074145507813
23,691.7261352539062,7270.306213378907,7962.032348632813
24,726.7392578125,7235.250756835938,7961.990014648438
25,762.6167602539062,7199.330383300782,7961.947143554688
26,799.3587036132812,7162.545690917969,7961.904394531251
27,836.965087890625,7124.895483398438,7961.860571289063
28,875.435791015625,7086.382153320313,7961.817944335938
29,914.7709350585938,7047.005102539063,7961.776037597657
30,954.9705200195312,7006.763134765625,7961.733654785156
31,996.0343017578125,6965.657446289063,7961.691748046876
32,1037.962646484375,6923.685644531251,7961.648291015626
33,1080.75537109375,6880.851318359376,7961.606689453126
34,1124.4124755859375,6837.150878906251,7961.563354492188
35,1168.933837890625,6792.587915039063,7961.521752929688
36,1214.3197021484375,6747.158239746094,7961.477941894532
37,1260.5701904296875,6700.866040039063,7961.43623046875
38,1307.6846923828125,6653.708923339845,7961.393615722657
39,1355.663818359375,6605.688085937501,7961.351904296876
40,1404.5072021484375,6556.802331542969,7961.309533691407
41,1454.21484375,6507.052856445313,7961.267700195313
42,1504.787109375,6456.4384643554695,7961.2255737304695
43,1555.6983642578125,6404.961547851563,7960.659912109376
44,1597.6605224609375,6352.703454589844,7950.363977050782
45,1629.90234375,6299.920190429688,7929.822534179688
46,1661.491943359375,6246.751123046875,7908.24306640625
47,1693.164794921875,6193.245898437501,7886.410693359376
48,1725.9412841796875,6139.438012695313,7865.379296875
49,1759.765869140625,6085.308923339844,7845.074792480469
50,1793.4168701171875,6030.891528320313,7824.308398437501
51,1827.35888671875,5976.204370117188,7803.563256835938
52,1861.5079345703125,5921.2659912109375,7782.77392578125
53,1895.9112548828125,5866.087158203125,7761.9984130859375
54,1930.8037109375,5810.663684082032,7741.467395019532
55,1966.2784423828125,5754.98779296875,7721.2662353515625
56,2002.3917236328125,5699.058288574219,7701.450012207031
57,2039.2130126953125,5642.8656005859375,7682.07861328125
58,2076.864501953125,5586.398962402344,7663.263464355469
59,2115.42578125,5529.642224121094,7645.068005371094
60,2155.005615234375,5472.570861816406,7627.576477050781
61,2195.63720703125,5415.165136718751,7610.802343750001
62,2237.38525390625,5357.406506347656,7594.791760253906
63,2280.2734375,5299.275830078125,7579.549267578125
64,2324.340087890625,5240.750378417969,7565.090466308594
65,2369.587158203125,5181.802038574219,7551.389196777344
66,2415.990234375,5122.4080810546875,7538.3983154296875
67,2463.543701171875,5062.5421875,7526.085888671875
68,2512.255859375,5002.183422851563,7514.439282226563
69,2562.13037109375,4941.308758544922,7503.439129638672
70,2613.173828125,4879.897558593751,7493.071386718751
71,2665.40234375,4817.9288879394535,7483.3312316894535
72,2718.819580078125,4755.3830078125,7474.202587890625
73,2773.41162109375,4692.238684082032,7465.650305175782
74,2829.170654296875,4628.47797241211,7457.648626708985
75,2886.10595703125,4564.083227539063,7450.189184570313
76,2945.264892578125,4499.0421875,7444.307080078125
77,3004.117431640625,4433.344982910156,7437.462414550781
78,3064.222900390625,4366.973071289063,7431.195971679688
79,3127.795654296875,4299.913293457032,7427.708947753907
80,3194.90087890625,4232.1656494140625,7427.0665283203125
81,3255.2705078125,4163.71967163086,7418.99017944336
82,3320.967041015625,4094.562799072266,7415.529840087891
83,3387.269287109375,4024.686059570313,7411.955346679688
84,3455.00537109375,3954.0807800292973,7409.086151123047
85,3521.996826171875,3882.7403808593754,7404.73720703125
86,3590.021484375,3810.6576843261723,7400.679168701172
87,3661.233642578125,3737.8305969238286,7399.064239501953
88,3730.393310546875,3664.2573242187505,7394.650634765625
89,3804.532470703125,3589.935473632813,7394.467944335938
90,3882.182373046875,3514.8680358886722,7397.050408935547
91,3951.71337890625,3439.03916015625,7390.7525390625
92,4027.895751953125,3362.4431640625003,7390.338916015626
93,4105.302734375,3285.0695800781255,7390.372314453125
94,4180.12353515625,3206.911529541016,7387.035064697266
95,4256.78173828125,3127.965124511719,7384.746862792968
96,4334.96484375,3048.2264770507813,7383.191320800781
97,4415.53125,2967.693493652344,7383.224743652344
98,4496.87548828125,2886.370660400391,7383.246148681641
99,4576.388671875,2804.2525939941406,7380.641265869141
100,4660.154296875,2721.338397216797,7381.492694091798
101,4743.5263671875,2637.6241821289063,7381.150549316406
102,4825.64208984375,2553.1045654296877,7378.746655273438
103,4856.71875,2467.943737792969,7324.662487792969
104,4848.88818359375,2382.824331665039,7231.712515258789
105,4816.92529296875,2298.115850830078,7115.041143798828
106,4790.75634765625,2214.2625671386722,7005.018914794922
107,4769.51025390625,2131.6290496826173,6901.139303588867
108,4748.02783203125,2050.531268310547,6798.559100341798
109,4735.8544921875,1971.2841461181642,6707.138638305664
110,4732.31005859375,1894.1528106689454,6626.462869262696
111,4727.73828125,1819.385791015625,6547.124072265625
112,4729.45263671875,1747.1520629882814,6476.604699707032
113,4744.4931640625,1677.5476287841798,6422.040792846679
114,4762.400390625,1610.7272583007814,6373.127648925782
115,4766.84130859375,1546.7302795410158,6313.571588134766
116,4773.25830078125,1485.6129180908204,6258.87121887207
117,4757.837890625,1427.4263153076172,6185.264205932617
118,4722.865234375,1372.2676696777344,6095.132904052734
119,4697.7451171875,1320.1737670898438,6017.918884277344
120,4670.37744140625,1271.1615051269532,5941.538946533203
121,4633.17626953125,1225.286361694336,5858.462631225586
122,4608.8125,1182.4559982299807,5791.268498229981
123,4580.6865234375,1142.6020019531252,5723.288525390625
124,4551.12744140625,1105.6380905151368,5656.765531921386
125,4524.2548828125,1071.4728973388674,5595.727780151367
126,4495.36083984375,1039.9479888916017,5535.308828735351
127,4460.61474609375,1010.9799987792969,5471.594744873047
128,4432.2373046875,984.4513916015626,5416.688696289062
129,4399.4521484375,960.2346130371094,5359.68676147461
130,4359.82177734375,938.1872299194337,5298.009007263184
131,4320.2783203125,918.1760803222656,5238.454400634766
132,4282.3857421875,900.0742828369141,5182.460025024414
133,4239.59716796875,883.7821716308595,5123.379339599609
134,4198.50244140625,869.1923049926759,5067.694746398925
135,4159.93017578125,856.2123443603516,5016.142520141601
136,4129.73046875,844.7398574829102,4974.47032623291
137,4093.10205078125,834.6653839111328,4927.767434692383
138,4065.824462890625,825.8910522460939,4891.715515136719
139,4041.81005859375,818.2858688354493,4860.095927429199
140,4007.639892578125,811.7493453979492,4819.389237976075
141,3975.127197265625,806.1981903076172,4781.325387573243
142,3941.57080078125,801.5527008056641,4743.123501586914
143,3913.944091796875,797.7367630004884,4711.680854797363
144,3873.330322265625,794.6252899169923,4667.955612182617
145,3839.884765625,792.1314010620118,4632.016166687012
146,3813.777099609375,790.1978240966797,4603.974923706055
147,3795.83349609375,788.7951004028321,4584.628596496582
148,3760.002197265625,787.8795654296875,4547.881762695312
149,3717.6494140625,787.4296859741212,4505.079100036621
